Suite/Test/Step Name,Browser,Description,Start time,End time,Duration,Status
Combination_DefaultUnit,Chrome 74.0.3729.169,,2019-06-10 09:28:48,2019-06-10 09:35:27,6m - 38.960s,PASSED
,,,,,,
Test Cases/Utilities/ADMIN/Admin Login,Chrome 74.0.3729.169,,2019-06-10 09:28:49,2019-06-10 09:28:53,4.594s,PASSED
openBrowser,Chrome 74.0.3729.169,,2019-06-10 09:28:49,2019-06-10 09:28:50,0.916s,PASSED
maximizeWindow,Chrome 74.0.3729.169,,2019-06-10 09:28:50,2019-06-10 09:28:50,0.075s,PASSED
navigateToUrl,Chrome 74.0.3729.169,,2019-06-10 09:28:50,2019-06-10 09:28:50,0.347s,PASSED
"Statement - If (AdminAccountType == ""custom"")",Chrome 74.0.3729.169,,2019-06-10 09:28:50,2019-06-10 09:28:53,2.900s,PASSED
,,,,,,
Test Cases/ADMIN/Features Control/Booking Unit/Combination/Default/01Add_perHour,Chrome 74.0.3729.169,,2019-06-10 09:28:53,2019-06-10 09:29:08,14.790s,PASSED
waitForElementVisible,Chrome 74.0.3729.169,,2019-06-10 09:28:54,2019-06-10 09:28:54,0.276s,PASSED
click,Chrome 74.0.3729.169,,2019-06-10 09:28:54,2019-06-10 09:28:54,0.569s,PASSED
waitForElementVisible,Chrome 74.0.3729.169,,2019-06-10 09:28:54,2019-06-10 09:28:54,0.064s,PASSED
click,Chrome 74.0.3729.169,,2019-06-10 09:28:54,2019-06-10 09:28:57,2.351s,PASSED
waitForElementVisible,Chrome 74.0.3729.169,,2019-06-10 09:28:57,2019-06-10 09:28:57,0.123s,PASSED
verifyElementVisible,Chrome 74.0.3729.169,,2019-06-10 09:28:57,2019-06-10 09:28:57,0.039s,PASSED
delay,Chrome 74.0.3729.169,,2019-06-10 09:28:57,2019-06-10 09:28:58,1.019s,PASSED
click,Chrome 74.0.3729.169,,2019-06-10 09:28:58,2019-06-10 09:28:58,0.113s,PASSED
waitForElementVisible,Chrome 74.0.3729.169,,2019-06-10 09:28:58,2019-06-10 09:28:58,0.036s,PASSED
delay,Chrome 74.0.3729.169,,2019-06-10 09:28:58,2019-06-10 09:28:59,1.002s,PASSED
setText,Chrome 74.0.3729.169,,2019-06-10 09:28:59,2019-06-10 09:28:59,0.174s,PASSED
delay,Chrome 74.0.3729.169,,2019-06-10 09:28:59,2019-06-10 09:29:00,1.004s,PASSED
click,Chrome 74.0.3729.169,,2019-06-10 09:29:00,2019-06-10 09:29:00,0.086s,PASSED
click,Chrome 74.0.3729.169,,2019-06-10 09:29:00,2019-06-10 09:29:00,0.068s,PASSED
delay,Chrome 74.0.3729.169,,2019-06-10 09:29:00,2019-06-10 09:29:01,1.002s,PASSED
click,Chrome 74.0.3729.169,,2019-06-10 09:29:01,2019-06-10 09:29:02,0.105s,PASSED
waitForElementVisible,Chrome 74.0.3729.169,,2019-06-10 09:29:02,2019-06-10 09:29:02,0.039s,PASSED
click,Chrome 74.0.3729.169,,2019-06-10 09:29:02,2019-06-10 09:29:02,0.075s,PASSED
waitForElementVisible,Chrome 74.0.3729.169,,2019-06-10 09:29:02,2019-06-10 09:29:02,0.569s,PASSED
waitForElementNotPresent,Chrome 74.0.3729.169,,2019-06-10 09:29:02,2019-06-10 09:29:08,5.850s,PASSED
,,,,,,
Test Cases/ADMIN/Features Control/Booking Unit/Combination/Default/02Add_perDay,Chrome 74.0.3729.169,,2019-06-10 09:29:08,2019-06-10 09:29:21,12.723s,PASSED
waitForElementVisible,Chrome 74.0.3729.169,,2019-06-10 09:29:08,2019-06-10 09:29:08,0.041s,PASSED
click,Chrome 74.0.3729.169,,2019-06-10 09:29:08,2019-06-10 09:29:09,0.729s,PASSED
waitForElementVisible,Chrome 74.0.3729.169,,2019-06-10 09:29:09,2019-06-10 09:29:09,0.053s,PASSED
click,Chrome 74.0.3729.169,,2019-06-10 09:29:09,2019-06-10 09:29:10,0.408s,PASSED
waitForElementVisible,Chrome 74.0.3729.169,,2019-06-10 09:29:10,2019-06-10 09:29:10,0.240s,PASSED
verifyElementVisible,Chrome 74.0.3729.169,,2019-06-10 09:29:10,2019-06-10 09:29:10,0.023s,PASSED
delay,Chrome 74.0.3729.169,,2019-06-10 09:29:10,2019-06-10 09:29:11,1.002s,PASSED
click,Chrome 74.0.3729.169,,2019-06-10 09:29:11,2019-06-10 09:29:11,0.105s,PASSED
waitForElementVisible,Chrome 74.0.3729.169,,2019-06-10 09:29:11,2019-06-10 09:29:11,0.030s,PASSED
delay,Chrome 74.0.3729.169,,2019-06-10 09:29:11,2019-06-10 09:29:12,1.002s,PASSED
setText,Chrome 74.0.3729.169,,2019-06-10 09:29:12,2019-06-10 09:29:12,0.159s,PASSED
delay,Chrome 74.0.3729.169,,2019-06-10 09:29:12,2019-06-10 09:29:13,1.003s,PASSED
click,Chrome 74.0.3729.169,,2019-06-10 09:29:13,2019-06-10 09:29:13,0.124s,PASSED
click,Chrome 74.0.3729.169,,2019-06-10 09:29:13,2019-06-10 09:29:13,0.056s,PASSED
delay,Chrome 74.0.3729.169,,2019-06-10 09:29:13,2019-06-10 09:29:14,1.003s,PASSED
click,Chrome 74.0.3729.169,,2019-06-10 09:29:14,2019-06-10 09:29:14,0.099s,PASSED
waitForElementVisible,Chrome 74.0.3729.169,,2019-06-10 09:29:14,2019-06-10 09:29:14,0.028s,PASSED
click,Chrome 74.0.3729.169,,2019-06-10 09:29:14,2019-06-10 09:29:14,0.062s,PASSED
waitForElementVisible,Chrome 74.0.3729.169,,2019-06-10 09:29:14,2019-06-10 09:29:15,0.580s,PASSED
waitForElementNotPresent,Chrome 74.0.3729.169,,2019-06-10 09:29:15,2019-06-10 09:29:21,5.801s,PASSED
,,,,,,
Test Cases/ADMIN/Features Control/Booking Unit/Combination/Default/03Add_perWeek,Chrome 74.0.3729.169,,2019-06-10 09:29:21,2019-06-10 09:29:34,12.730s,PASSED
waitForElementVisible,Chrome 74.0.3729.169,,2019-06-10 09:29:21,2019-06-10 09:29:21,0.027s,PASSED
click,Chrome 74.0.3729.169,,2019-06-10 09:29:21,2019-06-10 09:29:22,0.418s,PASSED
waitForElementVisible,Chrome 74.0.3729.169,,2019-06-10 09:29:22,2019-06-10 09:29:22,0.172s,PASSED
click,Chrome 74.0.3729.169,,2019-06-10 09:29:22,2019-06-10 09:29:22,0.536s,PASSED
waitForElementVisible,Chrome 74.0.3729.169,,2019-06-10 09:29:22,2019-06-10 09:29:22,0.035s,PASSED
verifyElementVisible,Chrome 74.0.3729.169,,2019-06-10 09:29:22,2019-06-10 09:29:22,0.171s,PASSED
delay,Chrome 74.0.3729.169,,2019-06-10 09:29:22,2019-06-10 09:29:23,1.002s,PASSED
click,Chrome 74.0.3729.169,,2019-06-10 09:29:23,2019-06-10 09:29:24,0.092s,PASSED
waitForElementVisible,Chrome 74.0.3729.169,,2019-06-10 09:29:24,2019-06-10 09:29:24,0.029s,PASSED
delay,Chrome 74.0.3729.169,,2019-06-10 09:29:24,2019-06-10 09:29:25,1.001s,PASSED
setText,Chrome 74.0.3729.169,,2019-06-10 09:29:25,2019-06-10 09:29:25,0.171s,PASSED
delay,Chrome 74.0.3729.169,,2019-06-10 09:29:25,2019-06-10 09:29:26,1.002s,PASSED
click,Chrome 74.0.3729.169,,2019-06-10 09:29:26,2019-06-10 09:29:26,0.122s,PASSED
click,Chrome 74.0.3729.169,,2019-06-10 09:29:26,2019-06-10 09:29:26,0.060s,PASSED
delay,Chrome 74.0.3729.169,,2019-06-10 09:29:26,2019-06-10 09:29:27,1.001s,PASSED
click,Chrome 74.0.3729.169,,2019-06-10 09:29:27,2019-06-10 09:29:27,0.175s,PASSED
waitForElementVisible,Chrome 74.0.3729.169,,2019-06-10 09:29:27,2019-06-10 09:29:27,0.059s,PASSED
click,Chrome 74.0.3729.169,,2019-06-10 09:29:27,2019-06-10 09:29:27,0.066s,PASSED
waitForElementVisible,Chrome 74.0.3729.169,,2019-06-10 09:29:27,2019-06-10 09:29:28,0.567s,PASSED
waitForElementNotPresent,Chrome 74.0.3729.169,,2019-06-10 09:29:28,2019-06-10 09:29:34,5.755s,PASSED
,,,,,,
Test Cases/ADMIN/Features Control/Booking Unit/Combination/Default/04Add_perMonth,Chrome 74.0.3729.169,,2019-06-10 09:29:34,2019-06-10 09:29:46,12.564s,PASSED
waitForElementVisible,Chrome 74.0.3729.169,,2019-06-10 09:29:34,2019-06-10 09:29:34,0.025s,PASSED
click,Chrome 74.0.3729.169,,2019-06-10 09:29:34,2019-06-10 09:29:34,0.405s,PASSED
waitForElementVisible,Chrome 74.0.3729.169,,2019-06-10 09:29:34,2019-06-10 09:29:34,0.137s,PASSED
click,Chrome 74.0.3729.169,,2019-06-10 09:29:34,2019-06-10 09:29:35,0.578s,PASSED
waitForElementVisible,Chrome 74.0.3729.169,,2019-06-10 09:29:35,2019-06-10 09:29:35,0.210s,PASSED
verifyElementVisible,Chrome 74.0.3729.169,,2019-06-10 09:29:35,2019-06-10 09:29:35,0.033s,PASSED
delay,Chrome 74.0.3729.169,,2019-06-10 09:29:35,2019-06-10 09:29:36,1.001s,PASSED
click,Chrome 74.0.3729.169,,2019-06-10 09:29:36,2019-06-10 09:29:36,0.094s,PASSED
waitForElementVisible,Chrome 74.0.3729.169,,2019-06-10 09:29:36,2019-06-10 09:29:36,0.028s,PASSED
delay,Chrome 74.0.3729.169,,2019-06-10 09:29:36,2019-06-10 09:29:37,1.002s,PASSED
setText,Chrome 74.0.3729.169,,2019-06-10 09:29:37,2019-06-10 09:29:37,0.160s,PASSED
delay,Chrome 74.0.3729.169,,2019-06-10 09:29:37,2019-06-10 09:29:38,1.002s,PASSED
click,Chrome 74.0.3729.169,,2019-06-10 09:29:38,2019-06-10 09:29:38,0.090s,PASSED
click,Chrome 74.0.3729.169,,2019-06-10 09:29:38,2019-06-10 09:29:39,0.064s,PASSED
delay,Chrome 74.0.3729.169,,2019-06-10 09:29:39,2019-06-10 09:29:40,1.002s,PASSED
click,Chrome 74.0.3729.169,,2019-06-10 09:29:40,2019-06-10 09:29:40,0.109s,PASSED
waitForElementVisible,Chrome 74.0.3729.169,,2019-06-10 09:29:40,2019-06-10 09:29:40,0.025s,PASSED
click,Chrome 74.0.3729.169,,2019-06-10 09:29:40,2019-06-10 09:29:40,0.106s,PASSED
waitForElementVisible,Chrome 74.0.3729.169,,2019-06-10 09:29:40,2019-06-10 09:29:40,0.580s,PASSED
waitForElementNotPresent,Chrome 74.0.3729.169,,2019-06-10 09:29:40,2019-06-10 09:29:46,5.769s,PASSED
,,,,,,
Test Cases/ADMIN/Features Control/Booking Unit/Combination/Default/05Add_perCustom,Chrome 74.0.3729.169,,2019-06-10 09:29:46,2019-06-10 09:29:59,12.532s,PASSED
waitForElementVisible,Chrome 74.0.3729.169,,2019-06-10 09:29:46,2019-06-10 09:29:46,0.032s,PASSED
click,Chrome 74.0.3729.169,,2019-06-10 09:29:46,2019-06-10 09:29:47,0.585s,PASSED
waitForElementVisible,Chrome 74.0.3729.169,,2019-06-10 09:29:47,2019-06-10 09:29:47,0.113s,PASSED
click,Chrome 74.0.3729.169,,2019-06-10 09:29:47,2019-06-10 09:29:47,0.422s,PASSED
waitForElementVisible,Chrome 74.0.3729.169,,2019-06-10 09:29:47,2019-06-10 09:29:48,0.189s,PASSED
verifyElementVisible,Chrome 74.0.3729.169,,2019-06-10 09:29:48,2019-06-10 09:29:48,0.047s,PASSED
delay,Chrome 74.0.3729.169,,2019-06-10 09:29:48,2019-06-10 09:29:49,1.002s,PASSED
click,Chrome 74.0.3729.169,,2019-06-10 09:29:49,2019-06-10 09:29:49,0.090s,PASSED
waitForElementVisible,Chrome 74.0.3729.169,,2019-06-10 09:29:49,2019-06-10 09:29:49,0.036s,PASSED
delay,Chrome 74.0.3729.169,,2019-06-10 09:29:49,2019-06-10 09:29:50,1.003s,PASSED
setText,Chrome 74.0.3729.169,,2019-06-10 09:29:50,2019-06-10 09:29:50,0.157s,PASSED
delay,Chrome 74.0.3729.169,,2019-06-10 09:29:50,2019-06-10 09:29:51,1.002s,PASSED
click,Chrome 74.0.3729.169,,2019-06-10 09:29:51,2019-06-10 09:29:51,0.092s,PASSED
click,Chrome 74.0.3729.169,,2019-06-10 09:29:51,2019-06-10 09:29:51,0.061s,PASSED
delay,Chrome 74.0.3729.169,,2019-06-10 09:29:51,2019-06-10 09:29:52,1.001s,PASSED
click,Chrome 74.0.3729.169,,2019-06-10 09:29:52,2019-06-10 09:29:52,0.096s,PASSED
waitForElementVisible,Chrome 74.0.3729.169,,2019-06-10 09:29:52,2019-06-10 09:29:52,0.033s,PASSED
click,Chrome 74.0.3729.169,,2019-06-10 09:29:52,2019-06-10 09:29:52,0.053s,PASSED
waitForElementVisible,Chrome 74.0.3729.169,,2019-06-10 09:29:52,2019-06-10 09:29:53,0.604s,PASSED
waitForElementNotPresent,Chrome 74.0.3729.169,,2019-06-10 09:29:53,2019-06-10 09:29:59,5.756s,PASSED
,,,,,,
Test Cases/ADMIN/Features Control/Booking Unit/Combination/Default/06Add_HourDay,Chrome 74.0.3729.169,,2019-06-10 09:29:59,2019-06-10 09:30:11,12.671s,PASSED
waitForElementVisible,Chrome 74.0.3729.169,,2019-06-10 09:29:59,2019-06-10 09:29:59,0.057s,PASSED
click,Chrome 74.0.3729.169,,2019-06-10 09:29:59,2019-06-10 09:29:59,0.436s,PASSED
waitForElementVisible,Chrome 74.0.3729.169,,2019-06-10 09:29:59,2019-06-10 09:29:59,0.084s,PASSED
click,Chrome 74.0.3729.169,,2019-06-10 09:29:59,2019-06-10 09:30:00,0.625s,PASSED
waitForElementVisible,Chrome 74.0.3729.169,,2019-06-10 09:30:00,2019-06-10 09:30:00,0.197s,PASSED
verifyElementVisible,Chrome 74.0.3729.169,,2019-06-10 09:30:00,2019-06-10 09:30:00,0.044s,PASSED
delay,Chrome 74.0.3729.169,,2019-06-10 09:30:00,2019-06-10 09:30:01,1.001s,PASSED
click,Chrome 74.0.3729.169,,2019-06-10 09:30:01,2019-06-10 09:30:01,0.106s,PASSED
waitForElementVisible,Chrome 74.0.3729.169,,2019-06-10 09:30:01,2019-06-10 09:30:01,0.027s,PASSED
delay,Chrome 74.0.3729.169,,2019-06-10 09:30:01,2019-06-10 09:30:02,1.001s,PASSED
setText,Chrome 74.0.3729.169,,2019-06-10 09:30:02,2019-06-10 09:30:03,0.155s,PASSED
delay,Chrome 74.0.3729.169,,2019-06-10 09:30:03,2019-06-10 09:30:04,1.002s,PASSED
click,Chrome 74.0.3729.169,,2019-06-10 09:30:04,2019-06-10 09:30:04,0.107s,PASSED
click,Chrome 74.0.3729.169,,2019-06-10 09:30:04,2019-06-10 09:30:04,0.064s,PASSED
click,Chrome 74.0.3729.169,,2019-06-10 09:30:04,2019-06-10 09:30:04,0.067s,PASSED
delay,Chrome 74.0.3729.169,,2019-06-10 09:30:04,2019-06-10 09:30:05,1.003s,PASSED
click,Chrome 74.0.3729.169,,2019-06-10 09:30:05,2019-06-10 09:30:05,0.090s,PASSED
waitForElementVisible,Chrome 74.0.3729.169,,2019-06-10 09:30:05,2019-06-10 09:30:05,0.028s,PASSED
click,Chrome 74.0.3729.169,,2019-06-10 09:30:05,2019-06-10 09:30:05,0.061s,PASSED
waitForElementVisible,Chrome 74.0.3729.169,,2019-06-10 09:30:05,2019-06-10 09:30:06,0.538s,PASSED
waitForElementNotPresent,Chrome 74.0.3729.169,,2019-06-10 09:30:06,2019-06-10 09:30:11,5.849s,PASSED
,,,,,,
Test Cases/ADMIN/Features Control/Booking Unit/Combination/Default/07Add_HourWeek,Chrome 74.0.3729.169,,2019-06-10 09:30:11,2019-06-10 09:30:24,12.860s,PASSED
waitForElementVisible,Chrome 74.0.3729.169,,2019-06-10 09:30:12,2019-06-10 09:30:12,0.051s,PASSED
click,Chrome 74.0.3729.169,,2019-06-10 09:30:12,2019-06-10 09:30:12,0.540s,PASSED
waitForElementVisible,Chrome 74.0.3729.169,,2019-06-10 09:30:12,2019-06-10 09:30:12,0.034s,PASSED
click,Chrome 74.0.3729.169,,2019-06-10 09:30:12,2019-06-10 09:30:13,0.786s,PASSED
waitForElementVisible,Chrome 74.0.3729.169,,2019-06-10 09:30:13,2019-06-10 09:30:13,0.116s,PASSED
verifyElementVisible,Chrome 74.0.3729.169,,2019-06-10 09:30:13,2019-06-10 09:30:13,0.106s,PASSED
delay,Chrome 74.0.3729.169,,2019-06-10 09:30:13,2019-06-10 09:30:14,1.001s,PASSED
click,Chrome 74.0.3729.169,,2019-06-10 09:30:14,2019-06-10 09:30:14,0.092s,PASSED
waitForElementVisible,Chrome 74.0.3729.169,,2019-06-10 09:30:14,2019-06-10 09:30:14,0.032s,PASSED
delay,Chrome 74.0.3729.169,,2019-06-10 09:30:14,2019-06-10 09:30:15,1.000s,PASSED
setText,Chrome 74.0.3729.169,,2019-06-10 09:30:15,2019-06-10 09:30:15,0.162s,PASSED
delay,Chrome 74.0.3729.169,,2019-06-10 09:30:15,2019-06-10 09:30:16,1.001s,PASSED
click,Chrome 74.0.3729.169,,2019-06-10 09:30:16,2019-06-10 09:30:17,0.097s,PASSED
click,Chrome 74.0.3729.169,,2019-06-10 09:30:17,2019-06-10 09:30:17,0.060s,PASSED
click,Chrome 74.0.3729.169,,2019-06-10 09:30:17,2019-06-10 09:30:17,0.073s,PASSED
delay,Chrome 74.0.3729.169,,2019-06-10 09:30:17,2019-06-10 09:30:18,1.001s,PASSED
click,Chrome 74.0.3729.169,,2019-06-10 09:30:18,2019-06-10 09:30:18,0.105s,PASSED
waitForElementVisible,Chrome 74.0.3729.169,,2019-06-10 09:30:18,2019-06-10 09:30:18,0.035s,PASSED
click,Chrome 74.0.3729.169,,2019-06-10 09:30:18,2019-06-10 09:30:18,0.056s,PASSED
waitForElementVisible,Chrome 74.0.3729.169,,2019-06-10 09:30:18,2019-06-10 09:30:18,0.563s,PASSED
waitForElementNotPresent,Chrome 74.0.3729.169,,2019-06-10 09:30:18,2019-06-10 09:30:24,5.793s,PASSED
,,,,,,
Test Cases/ADMIN/Features Control/Booking Unit/Combination/Default/08Add_HourMonth,Chrome 74.0.3729.169,,2019-06-10 09:30:24,2019-06-10 09:30:37,13.230s,PASSED
waitForElementVisible,Chrome 74.0.3729.169,,2019-06-10 09:30:24,2019-06-10 09:30:24,0.030s,PASSED
click,Chrome 74.0.3729.169,,2019-06-10 09:30:24,2019-06-10 09:30:26,1.211s,PASSED
waitForElementVisible,Chrome 74.0.3729.169,,2019-06-10 09:30:26,2019-06-10 09:30:26,0.086s,PASSED
click,Chrome 74.0.3729.169,,2019-06-10 09:30:26,2019-06-10 09:30:26,0.585s,PASSED
waitForElementVisible,Chrome 74.0.3729.169,,2019-06-10 09:30:26,2019-06-10 09:30:26,0.029s,PASSED
verifyElementVisible,Chrome 74.0.3729.169,,2019-06-10 09:30:26,2019-06-10 09:30:26,0.148s,PASSED
delay,Chrome 74.0.3729.169,,2019-06-10 09:30:26,2019-06-10 09:30:27,1.000s,PASSED
click,Chrome 74.0.3729.169,,2019-06-10 09:30:27,2019-06-10 09:30:28,0.089s,PASSED
waitForElementVisible,Chrome 74.0.3729.169,,2019-06-10 09:30:28,2019-06-10 09:30:28,0.026s,PASSED
delay,Chrome 74.0.3729.169,,2019-06-10 09:30:28,2019-06-10 09:30:29,1.000s,PASSED
setText,Chrome 74.0.3729.169,,2019-06-10 09:30:29,2019-06-10 09:30:29,0.171s,PASSED
delay,Chrome 74.0.3729.169,,2019-06-10 09:30:29,2019-06-10 09:30:30,1.001s,PASSED
click,Chrome 74.0.3729.169,,2019-06-10 09:30:30,2019-06-10 09:30:30,0.089s,PASSED
click,Chrome 74.0.3729.169,,2019-06-10 09:30:30,2019-06-10 09:30:30,0.069s,PASSED
click,Chrome 74.0.3729.169,,2019-06-10 09:30:30,2019-06-10 09:30:30,0.057s,PASSED
delay,Chrome 74.0.3729.169,,2019-06-10 09:30:30,2019-06-10 09:30:31,1.001s,PASSED
click,Chrome 74.0.3729.169,,2019-06-10 09:30:31,2019-06-10 09:30:31,0.079s,PASSED
waitForElementVisible,Chrome 74.0.3729.169,,2019-06-10 09:30:31,2019-06-10 09:30:31,0.024s,PASSED
click,Chrome 74.0.3729.169,,2019-06-10 09:30:31,2019-06-10 09:30:31,0.067s,PASSED
waitForElementVisible,Chrome 74.0.3729.169,,2019-06-10 09:30:31,2019-06-10 09:30:32,0.540s,PASSED
waitForElementNotPresent,Chrome 74.0.3729.169,,2019-06-10 09:30:32,2019-06-10 09:30:37,5.803s,PASSED
,,,,,,
Test Cases/ADMIN/Features Control/Booking Unit/Combination/Default/09Add_HourCustom,Chrome 74.0.3729.169,,2019-06-10 09:30:37,2019-06-10 09:30:50,12.560s,PASSED
waitForElementVisible,Chrome 74.0.3729.169,,2019-06-10 09:30:38,2019-06-10 09:30:38,0.047s,PASSED
click,Chrome 74.0.3729.169,,2019-06-10 09:30:38,2019-06-10 09:30:38,0.528s,PASSED
waitForElementVisible,Chrome 74.0.3729.169,,2019-06-10 09:30:38,2019-06-10 09:30:38,0.215s,PASSED
click,Chrome 74.0.3729.169,,2019-06-10 09:30:38,2019-06-10 09:30:39,0.579s,PASSED
waitForElementVisible,Chrome 74.0.3729.169,,2019-06-10 09:30:39,2019-06-10 09:30:39,0.030s,PASSED
verifyElementVisible,Chrome 74.0.3729.169,,2019-06-10 09:30:39,2019-06-10 09:30:39,0.031s,PASSED
delay,Chrome 74.0.3729.169,,2019-06-10 09:30:39,2019-06-10 09:30:40,1.000s,PASSED
click,Chrome 74.0.3729.169,,2019-06-10 09:30:40,2019-06-10 09:30:40,0.091s,PASSED
waitForElementVisible,Chrome 74.0.3729.169,,2019-06-10 09:30:40,2019-06-10 09:30:40,0.031s,PASSED
delay,Chrome 74.0.3729.169,,2019-06-10 09:30:40,2019-06-10 09:30:41,1.000s,PASSED
setText,Chrome 74.0.3729.169,,2019-06-10 09:30:41,2019-06-10 09:30:41,0.177s,PASSED
delay,Chrome 74.0.3729.169,,2019-06-10 09:30:41,2019-06-10 09:30:42,1.006s,PASSED
click,Chrome 74.0.3729.169,,2019-06-10 09:30:42,2019-06-10 09:30:42,0.087s,PASSED
click,Chrome 74.0.3729.169,,2019-06-10 09:30:42,2019-06-10 09:30:42,0.060s,PASSED
click,Chrome 74.0.3729.169,,2019-06-10 09:30:42,2019-06-10 09:30:43,0.081s,PASSED
delay,Chrome 74.0.3729.169,,2019-06-10 09:30:43,2019-06-10 09:30:44,1.002s,PASSED
click,Chrome 74.0.3729.169,,2019-06-10 09:30:44,2019-06-10 09:30:44,0.085s,PASSED
waitForElementVisible,Chrome 74.0.3729.169,,2019-06-10 09:30:44,2019-06-10 09:30:44,0.044s,PASSED
click,Chrome 74.0.3729.169,,2019-06-10 09:30:44,2019-06-10 09:30:44,0.050s,PASSED
waitForElementVisible,Chrome 74.0.3729.169,,2019-06-10 09:30:44,2019-06-10 09:30:44,0.566s,PASSED
waitForElementNotPresent,Chrome 74.0.3729.169,,2019-06-10 09:30:44,2019-06-10 09:30:50,5.763s,PASSED
,,,,,,
Test Cases/ADMIN/Features Control/Booking Unit/Combination/Default/10Add_DayWeek,Chrome 74.0.3729.169,,2019-06-10 09:30:50,2019-06-10 09:31:02,12.381s,PASSED
waitForElementVisible,Chrome 74.0.3729.169,,2019-06-10 09:30:50,2019-06-10 09:30:50,0.027s,PASSED
click,Chrome 74.0.3729.169,,2019-06-10 09:30:50,2019-06-10 09:30:51,0.539s,PASSED
waitForElementVisible,Chrome 74.0.3729.169,,2019-06-10 09:30:51,2019-06-10 09:30:51,0.036s,PASSED
click,Chrome 74.0.3729.169,,2019-06-10 09:30:51,2019-06-10 09:30:51,0.472s,PASSED
waitForElementVisible,Chrome 74.0.3729.169,,2019-06-10 09:30:51,2019-06-10 09:30:51,0.083s,PASSED
verifyElementVisible,Chrome 74.0.3729.169,,2019-06-10 09:30:51,2019-06-10 09:30:51,0.118s,PASSED
delay,Chrome 74.0.3729.169,,2019-06-10 09:30:51,2019-06-10 09:30:52,1.000s,PASSED
click,Chrome 74.0.3729.169,,2019-06-10 09:30:52,2019-06-10 09:30:53,0.093s,PASSED
waitForElementVisible,Chrome 74.0.3729.169,,2019-06-10 09:30:53,2019-06-10 09:30:53,0.025s,PASSED
delay,Chrome 74.0.3729.169,,2019-06-10 09:30:53,2019-06-10 09:30:54,1.001s,PASSED
setText,Chrome 74.0.3729.169,,2019-06-10 09:30:54,2019-06-10 09:30:54,0.189s,PASSED
delay,Chrome 74.0.3729.169,,2019-06-10 09:30:54,2019-06-10 09:30:55,1.000s,PASSED
click,Chrome 74.0.3729.169,,2019-06-10 09:30:55,2019-06-10 09:30:55,0.099s,PASSED
click,Chrome 74.0.3729.169,,2019-06-10 09:30:55,2019-06-10 09:30:55,0.064s,PASSED
click,Chrome 74.0.3729.169,,2019-06-10 09:30:55,2019-06-10 09:30:55,0.070s,PASSED
delay,Chrome 74.0.3729.169,,2019-06-10 09:30:55,2019-06-10 09:30:56,1.000s,PASSED
click,Chrome 74.0.3729.169,,2019-06-10 09:30:56,2019-06-10 09:30:56,0.063s,PASSED
waitForElementVisible,Chrome 74.0.3729.169,,2019-06-10 09:30:56,2019-06-10 09:30:56,0.029s,PASSED
click,Chrome 74.0.3729.169,,2019-06-10 09:30:56,2019-06-10 09:30:56,0.057s,PASSED
waitForElementVisible,Chrome 74.0.3729.169,,2019-06-10 09:30:56,2019-06-10 09:30:57,0.565s,PASSED
waitForElementNotPresent,Chrome 74.0.3729.169,,2019-06-10 09:30:57,2019-06-10 09:31:02,5.751s,PASSED
,,,,,,
Test Cases/ADMIN/Features Control/Booking Unit/Combination/Default/11Add_DayMonth,Chrome 74.0.3729.169,,2019-06-10 09:31:02,2019-06-10 09:31:15,12.606s,PASSED
waitForElementVisible,Chrome 74.0.3729.169,,2019-06-10 09:31:03,2019-06-10 09:31:03,0.024s,PASSED
click,Chrome 74.0.3729.169,,2019-06-10 09:31:03,2019-06-10 09:31:03,0.409s,PASSED
waitForElementVisible,Chrome 74.0.3729.169,,2019-06-10 09:31:03,2019-06-10 09:31:03,0.240s,PASSED
click,Chrome 74.0.3729.169,,2019-06-10 09:31:03,2019-06-10 09:31:04,0.494s,PASSED
waitForElementVisible,Chrome 74.0.3729.169,,2019-06-10 09:31:04,2019-06-10 09:31:04,0.161s,PASSED
verifyElementVisible,Chrome 74.0.3729.169,,2019-06-10 09:31:04,2019-06-10 09:31:04,0.044s,PASSED
delay,Chrome 74.0.3729.169,,2019-06-10 09:31:04,2019-06-10 09:31:05,1.001s,PASSED
click,Chrome 74.0.3729.169,,2019-06-10 09:31:05,2019-06-10 09:31:05,0.094s,PASSED
waitForElementVisible,Chrome 74.0.3729.169,,2019-06-10 09:31:05,2019-06-10 09:31:05,0.032s,PASSED
delay,Chrome 74.0.3729.169,,2019-06-10 09:31:05,2019-06-10 09:31:06,1.000s,PASSED
setText,Chrome 74.0.3729.169,,2019-06-10 09:31:06,2019-06-10 09:31:06,0.175s,PASSED
delay,Chrome 74.0.3729.169,,2019-06-10 09:31:06,2019-06-10 09:31:07,1.001s,PASSED
click,Chrome 74.0.3729.169,,2019-06-10 09:31:07,2019-06-10 09:31:07,0.108s,PASSED
click,Chrome 74.0.3729.169,,2019-06-10 09:31:07,2019-06-10 09:31:07,0.069s,PASSED
click,Chrome 74.0.3729.169,,2019-06-10 09:31:07,2019-06-10 09:31:08,0.114s,PASSED
delay,Chrome 74.0.3729.169,,2019-06-10 09:31:08,2019-06-10 09:31:09,1.001s,PASSED
click,Chrome 74.0.3729.169,,2019-06-10 09:31:09,2019-06-10 09:31:09,0.102s,PASSED
waitForElementVisible,Chrome 74.0.3729.169,,2019-06-10 09:31:09,2019-06-10 09:31:09,0.032s,PASSED
click,Chrome 74.0.3729.169,,2019-06-10 09:31:09,2019-06-10 09:31:09,0.064s,PASSED
waitForElementVisible,Chrome 74.0.3729.169,,2019-06-10 09:31:09,2019-06-10 09:31:09,0.557s,PASSED
waitForElementNotPresent,Chrome 74.0.3729.169,,2019-06-10 09:31:09,2019-06-10 09:31:15,5.770s,PASSED
,,,,,,
Test Cases/ADMIN/Features Control/Booking Unit/Combination/Default/12Add_DayCustom,Chrome 74.0.3729.169,,2019-06-10 09:31:15,2019-06-10 09:31:28,12.537s,PASSED
waitForElementVisible,Chrome 74.0.3729.169,,2019-06-10 09:31:15,2019-06-10 09:31:15,0.024s,PASSED
click,Chrome 74.0.3729.169,,2019-06-10 09:31:15,2019-06-10 09:31:16,0.401s,PASSED
waitForElementVisible,Chrome 74.0.3729.169,,2019-06-10 09:31:16,2019-06-10 09:31:16,0.182s,PASSED
click,Chrome 74.0.3729.169,,2019-06-10 09:31:16,2019-06-10 09:31:16,0.493s,PASSED
waitForElementVisible,Chrome 74.0.3729.169,,2019-06-10 09:31:16,2019-06-10 09:31:16,0.040s,PASSED
verifyElementVisible,Chrome 74.0.3729.169,,2019-06-10 09:31:16,2019-06-10 09:31:17,0.168s,PASSED
delay,Chrome 74.0.3729.169,,2019-06-10 09:31:17,2019-06-10 09:31:18,1.001s,PASSED
click,Chrome 74.0.3729.169,,2019-06-10 09:31:18,2019-06-10 09:31:18,0.091s,PASSED
waitForElementVisible,Chrome 74.0.3729.169,,2019-06-10 09:31:18,2019-06-10 09:31:18,0.026s,PASSED
delay,Chrome 74.0.3729.169,,2019-06-10 09:31:18,2019-06-10 09:31:19,1.001s,PASSED
setText,Chrome 74.0.3729.169,,2019-06-10 09:31:19,2019-06-10 09:31:19,0.188s,PASSED
delay,Chrome 74.0.3729.169,,2019-06-10 09:31:19,2019-06-10 09:31:20,1.001s,PASSED
click,Chrome 74.0.3729.169,,2019-06-10 09:31:20,2019-06-10 09:31:20,0.092s,PASSED
click,Chrome 74.0.3729.169,,2019-06-10 09:31:20,2019-06-10 09:31:20,0.065s,PASSED
click,Chrome 74.0.3729.169,,2019-06-10 09:31:20,2019-06-10 09:31:20,0.071s,PASSED
delay,Chrome 74.0.3729.169,,2019-06-10 09:31:20,2019-06-10 09:31:21,1.000s,PASSED
click,Chrome 74.0.3729.169,,2019-06-10 09:31:21,2019-06-10 09:31:21,0.086s,PASSED
waitForElementVisible,Chrome 74.0.3729.169,,2019-06-10 09:31:21,2019-06-10 09:31:21,0.025s,PASSED
click,Chrome 74.0.3729.169,,2019-06-10 09:31:21,2019-06-10 09:31:21,0.065s,PASSED
waitForElementVisible,Chrome 74.0.3729.169,,2019-06-10 09:31:21,2019-06-10 09:31:22,0.536s,PASSED
waitForElementNotPresent,Chrome 74.0.3729.169,,2019-06-10 09:31:22,2019-06-10 09:31:28,5.819s,PASSED
,,,,,,
Test Cases/ADMIN/Features Control/Booking Unit/Combination/Default/13Add_WeekMonth,Chrome 74.0.3729.169,,2019-06-10 09:31:28,2019-06-10 09:31:40,12.079s,PASSED
waitForElementVisible,Chrome 74.0.3729.169,,2019-06-10 09:31:28,2019-06-10 09:31:28,0.065s,PASSED
click,Chrome 74.0.3729.169,,2019-06-10 09:31:28,2019-06-10 09:31:28,0.390s,PASSED
waitForElementVisible,Chrome 74.0.3729.169,,2019-06-10 09:31:28,2019-06-10 09:31:28,0.030s,PASSED
click,Chrome 74.0.3729.169,,2019-06-10 09:31:28,2019-06-10 09:31:29,0.385s,PASSED
waitForElementVisible,Chrome 74.0.3729.169,,2019-06-10 09:31:29,2019-06-10 09:31:29,0.040s,PASSED
verifyElementVisible,Chrome 74.0.3729.169,,2019-06-10 09:31:29,2019-06-10 09:31:29,0.023s,PASSED
delay,Chrome 74.0.3729.169,,2019-06-10 09:31:29,2019-06-10 09:31:30,1.000s,PASSED
click,Chrome 74.0.3729.169,,2019-06-10 09:31:30,2019-06-10 09:31:30,0.086s,PASSED
waitForElementVisible,Chrome 74.0.3729.169,,2019-06-10 09:31:30,2019-06-10 09:31:30,0.026s,PASSED
delay,Chrome 74.0.3729.169,,2019-06-10 09:31:30,2019-06-10 09:31:31,1.001s,PASSED
setText,Chrome 74.0.3729.169,,2019-06-10 09:31:31,2019-06-10 09:31:31,0.177s,PASSED
delay,Chrome 74.0.3729.169,,2019-06-10 09:31:31,2019-06-10 09:31:32,1.001s,PASSED
click,Chrome 74.0.3729.169,,2019-06-10 09:31:32,2019-06-10 09:31:32,0.076s,PASSED
click,Chrome 74.0.3729.169,,2019-06-10 09:31:32,2019-06-10 09:31:32,0.069s,PASSED
click,Chrome 74.0.3729.169,,2019-06-10 09:31:32,2019-06-10 09:31:32,0.079s,PASSED
delay,Chrome 74.0.3729.169,,2019-06-10 09:31:32,2019-06-10 09:31:33,1.002s,PASSED
click,Chrome 74.0.3729.169,,2019-06-10 09:31:33,2019-06-10 09:31:33,0.123s,PASSED
waitForElementVisible,Chrome 74.0.3729.169,,2019-06-10 09:31:33,2019-06-10 09:31:33,0.029s,PASSED
click,Chrome 74.0.3729.169,,2019-06-10 09:31:33,2019-06-10 09:31:33,0.061s,PASSED
waitForElementVisible,Chrome 74.0.3729.169,,2019-06-10 09:31:33,2019-06-10 09:31:34,0.546s,PASSED
waitForElementNotPresent,Chrome 74.0.3729.169,,2019-06-10 09:31:34,2019-06-10 09:31:40,5.748s,PASSED
,,,,,,
Test Cases/ADMIN/Features Control/Booking Unit/Combination/Default/14Add_WeekCustom,Chrome 74.0.3729.169,,2019-06-10 09:31:40,2019-06-10 09:31:52,12.383s,PASSED
waitForElementVisible,Chrome 74.0.3729.169,,2019-06-10 09:31:40,2019-06-10 09:31:40,0.026s,PASSED
click,Chrome 74.0.3729.169,,2019-06-10 09:31:40,2019-06-10 09:31:40,0.403s,PASSED
waitForElementVisible,Chrome 74.0.3729.169,,2019-06-10 09:31:40,2019-06-10 09:31:40,0.026s,PASSED
click,Chrome 74.0.3729.169,,2019-06-10 09:31:40,2019-06-10 09:31:41,0.564s,PASSED
waitForElementVisible,Chrome 74.0.3729.169,,2019-06-10 09:31:41,2019-06-10 09:31:41,0.207s,PASSED
verifyElementVisible,Chrome 74.0.3729.169,,2019-06-10 09:31:41,2019-06-10 09:31:41,0.033s,PASSED
delay,Chrome 74.0.3729.169,,2019-06-10 09:31:41,2019-06-10 09:31:42,1.001s,PASSED
click,Chrome 74.0.3729.169,,2019-06-10 09:31:42,2019-06-10 09:31:42,0.107s,PASSED
waitForElementVisible,Chrome 74.0.3729.169,,2019-06-10 09:31:42,2019-06-10 09:31:42,0.029s,PASSED
delay,Chrome 74.0.3729.169,,2019-06-10 09:31:42,2019-06-10 09:31:43,1.000s,PASSED
setText,Chrome 74.0.3729.169,,2019-06-10 09:31:43,2019-06-10 09:31:43,0.167s,PASSED
delay,Chrome 74.0.3729.169,,2019-06-10 09:31:43,2019-06-10 09:31:44,1.001s,PASSED
click,Chrome 74.0.3729.169,,2019-06-10 09:31:44,2019-06-10 09:31:44,0.107s,PASSED
click,Chrome 74.0.3729.169,,2019-06-10 09:31:44,2019-06-10 09:31:44,0.058s,PASSED
click,Chrome 74.0.3729.169,,2019-06-10 09:31:44,2019-06-10 09:31:45,0.076s,PASSED
delay,Chrome 74.0.3729.169,,2019-06-10 09:31:45,2019-06-10 09:31:46,1.001s,PASSED
click,Chrome 74.0.3729.169,,2019-06-10 09:31:46,2019-06-10 09:31:46,0.088s,PASSED
waitForElementVisible,Chrome 74.0.3729.169,,2019-06-10 09:31:46,2019-06-10 09:31:46,0.031s,PASSED
click,Chrome 74.0.3729.169,,2019-06-10 09:31:46,2019-06-10 09:31:46,0.063s,PASSED
waitForElementVisible,Chrome 74.0.3729.169,,2019-06-10 09:31:46,2019-06-10 09:31:46,0.533s,PASSED
waitForElementNotPresent,Chrome 74.0.3729.169,,2019-06-10 09:31:46,2019-06-10 09:31:52,5.765s,PASSED
,,,,,,
Test Cases/ADMIN/Features Control/Booking Unit/Combination/Default/15Add_MonthCustom,Chrome 74.0.3729.169,,2019-06-10 09:31:52,2019-06-10 09:32:05,12.478s,PASSED
waitForElementVisible,Chrome 74.0.3729.169,,2019-06-10 09:31:52,2019-06-10 09:31:52,0.032s,PASSED
click,Chrome 74.0.3729.169,,2019-06-10 09:31:52,2019-06-10 09:31:53,0.560s,PASSED
waitForElementVisible,Chrome 74.0.3729.169,,2019-06-10 09:31:53,2019-06-10 09:31:53,0.026s,PASSED
click,Chrome 74.0.3729.169,,2019-06-10 09:31:53,2019-06-10 09:31:53,0.463s,PASSED
waitForElementVisible,Chrome 74.0.3729.169,,2019-06-10 09:31:53,2019-06-10 09:31:53,0.174s,PASSED
verifyElementVisible,Chrome 74.0.3729.169,,2019-06-10 09:31:53,2019-06-10 09:31:53,0.022s,PASSED
delay,Chrome 74.0.3729.169,,2019-06-10 09:31:53,2019-06-10 09:31:54,1.000s,PASSED
click,Chrome 74.0.3729.169,,2019-06-10 09:31:54,2019-06-10 09:31:55,0.127s,PASSED
waitForElementVisible,Chrome 74.0.3729.169,,2019-06-10 09:31:55,2019-06-10 09:31:55,0.034s,PASSED
delay,Chrome 74.0.3729.169,,2019-06-10 09:31:55,2019-06-10 09:31:56,1.000s,PASSED
setText,Chrome 74.0.3729.169,,2019-06-10 09:31:56,2019-06-10 09:31:56,0.172s,PASSED
delay,Chrome 74.0.3729.169,,2019-06-10 09:31:56,2019-06-10 09:31:57,1.000s,PASSED
click,Chrome 74.0.3729.169,,2019-06-10 09:31:57,2019-06-10 09:31:57,0.098s,PASSED
click,Chrome 74.0.3729.169,,2019-06-10 09:31:57,2019-06-10 09:31:57,0.059s,PASSED
click,Chrome 74.0.3729.169,,2019-06-10 09:31:57,2019-06-10 09:31:57,0.122s,PASSED
delay,Chrome 74.0.3729.169,,2019-06-10 09:31:57,2019-06-10 09:31:58,1.002s,PASSED
click,Chrome 74.0.3729.169,,2019-06-10 09:31:58,2019-06-10 09:31:58,0.106s,PASSED
waitForElementVisible,Chrome 74.0.3729.169,,2019-06-10 09:31:58,2019-06-10 09:31:58,0.030s,PASSED
click,Chrome 74.0.3729.169,,2019-06-10 09:31:58,2019-06-10 09:31:58,0.051s,PASSED
waitForElementVisible,Chrome 74.0.3729.169,,2019-06-10 09:31:58,2019-06-10 09:31:59,0.549s,PASSED
waitForElementNotPresent,Chrome 74.0.3729.169,,2019-06-10 09:31:59,2019-06-10 09:32:05,5.749s,PASSED
,,,,,,
Test Cases/ADMIN/Features Control/Booking Unit/Combination/Default/16Add_HourDayWeek,Chrome 74.0.3729.169,,2019-06-10 09:32:05,2019-06-10 09:32:17,12.398s,PASSED
waitForElementVisible,Chrome 74.0.3729.169,,2019-06-10 09:32:05,2019-06-10 09:32:05,0.038s,PASSED
click,Chrome 74.0.3729.169,,2019-06-10 09:32:05,2019-06-10 09:32:05,0.390s,PASSED
waitForElementVisible,Chrome 74.0.3729.169,,2019-06-10 09:32:05,2019-06-10 09:32:05,0.025s,PASSED
click,Chrome 74.0.3729.169,,2019-06-10 09:32:05,2019-06-10 09:32:06,0.553s,PASSED
waitForElementVisible,Chrome 74.0.3729.169,,2019-06-10 09:32:06,2019-06-10 09:32:06,0.216s,PASSED
verifyElementVisible,Chrome 74.0.3729.169,,2019-06-10 09:32:06,2019-06-10 09:32:06,0.038s,PASSED
delay,Chrome 74.0.3729.169,,2019-06-10 09:32:06,2019-06-10 09:32:07,1.000s,PASSED
click,Chrome 74.0.3729.169,,2019-06-10 09:32:07,2019-06-10 09:32:07,0.100s,PASSED
waitForElementVisible,Chrome 74.0.3729.169,,2019-06-10 09:32:07,2019-06-10 09:32:07,0.023s,PASSED
delay,Chrome 74.0.3729.169,,2019-06-10 09:32:07,2019-06-10 09:32:08,1.000s,PASSED
setText,Chrome 74.0.3729.169,,2019-06-10 09:32:08,2019-06-10 09:32:08,0.169s,PASSED
delay,Chrome 74.0.3729.169,,2019-06-10 09:32:08,2019-06-10 09:32:09,1.001s,PASSED
click,Chrome 74.0.3729.169,,2019-06-10 09:32:09,2019-06-10 09:32:09,0.099s,PASSED
click,Chrome 74.0.3729.169,,2019-06-10 09:32:09,2019-06-10 09:32:09,0.065s,PASSED
click,Chrome 74.0.3729.169,,2019-06-10 09:32:09,2019-06-10 09:32:09,0.065s,PASSED
click,Chrome 74.0.3729.169,,2019-06-10 09:32:09,2019-06-10 09:32:09,0.052s,PASSED
delay,Chrome 74.0.3729.169,,2019-06-10 09:32:09,2019-06-10 09:32:10,1.001s,PASSED
click,Chrome 74.0.3729.169,,2019-06-10 09:32:10,2019-06-10 09:32:11,0.085s,PASSED
waitForElementVisible,Chrome 74.0.3729.169,,2019-06-10 09:32:11,2019-06-10 09:32:11,0.028s,PASSED
click,Chrome 74.0.3729.169,,2019-06-10 09:32:11,2019-06-10 09:32:11,0.052s,PASSED
waitForElementVisible,Chrome 74.0.3729.169,,2019-06-10 09:32:11,2019-06-10 09:32:11,0.546s,PASSED
waitForElementNotPresent,Chrome 74.0.3729.169,,2019-06-10 09:32:11,2019-06-10 09:32:17,5.758s,PASSED
,,,,,,
Test Cases/ADMIN/Features Control/Booking Unit/Combination/Default/17Add_HourDayMonth,Chrome 74.0.3729.169,,2019-06-10 09:32:17,2019-06-10 09:32:30,12.616s,PASSED
waitForElementVisible,Chrome 74.0.3729.169,,2019-06-10 09:32:17,2019-06-10 09:32:17,0.035s,PASSED
click,Chrome 74.0.3729.169,,2019-06-10 09:32:17,2019-06-10 09:32:18,0.519s,PASSED
waitForElementVisible,Chrome 74.0.3729.169,,2019-06-10 09:32:18,2019-06-10 09:32:18,0.117s,PASSED
click,Chrome 74.0.3729.169,,2019-06-10 09:32:18,2019-06-10 09:32:18,0.485s,PASSED
waitForElementVisible,Chrome 74.0.3729.169,,2019-06-10 09:32:18,2019-06-10 09:32:18,0.093s,PASSED
verifyElementVisible,Chrome 74.0.3729.169,,2019-06-10 09:32:18,2019-06-10 09:32:18,0.121s,PASSED
delay,Chrome 74.0.3729.169,,2019-06-10 09:32:18,2019-06-10 09:32:19,1.000s,PASSED
click,Chrome 74.0.3729.169,,2019-06-10 09:32:19,2019-06-10 09:32:20,0.113s,PASSED
waitForElementVisible,Chrome 74.0.3729.169,,2019-06-10 09:32:20,2019-06-10 09:32:20,0.028s,PASSED
delay,Chrome 74.0.3729.169,,2019-06-10 09:32:20,2019-06-10 09:32:21,1.000s,PASSED
setText,Chrome 74.0.3729.169,,2019-06-10 09:32:21,2019-06-10 09:32:21,0.179s,PASSED
delay,Chrome 74.0.3729.169,,2019-06-10 09:32:21,2019-06-10 09:32:22,1.001s,PASSED
click,Chrome 74.0.3729.169,,2019-06-10 09:32:22,2019-06-10 09:32:22,0.098s,PASSED
click,Chrome 74.0.3729.169,,2019-06-10 09:32:22,2019-06-10 09:32:22,0.059s,PASSED
click,Chrome 74.0.3729.169,,2019-06-10 09:32:22,2019-06-10 09:32:22,0.128s,PASSED
click,Chrome 74.0.3729.169,,2019-06-10 09:32:22,2019-06-10 09:32:22,0.054s,PASSED
delay,Chrome 74.0.3729.169,,2019-06-10 09:32:22,2019-06-10 09:32:23,1.000s,PASSED
click,Chrome 74.0.3729.169,,2019-06-10 09:32:23,2019-06-10 09:32:23,0.090s,PASSED
waitForElementVisible,Chrome 74.0.3729.169,,2019-06-10 09:32:23,2019-06-10 09:32:23,0.030s,PASSED
click,Chrome 74.0.3729.169,,2019-06-10 09:32:23,2019-06-10 09:32:23,0.061s,PASSED
waitForElementVisible,Chrome 74.0.3729.169,,2019-06-10 09:32:23,2019-06-10 09:32:24,0.551s,PASSED
waitForElementNotPresent,Chrome 74.0.3729.169,,2019-06-10 09:32:24,2019-06-10 09:32:30,5.760s,PASSED
,,,,,,
Test Cases/ADMIN/Features Control/Booking Unit/Combination/Default/18Add_HourDayCustom,Chrome 74.0.3729.169,,2019-06-10 09:32:30,2019-06-10 09:32:42,12.415s,PASSED
waitForElementVisible,Chrome 74.0.3729.169,,2019-06-10 09:32:30,2019-06-10 09:32:30,0.038s,PASSED
click,Chrome 74.0.3729.169,,2019-06-10 09:32:30,2019-06-10 09:32:30,0.414s,PASSED
waitForElementVisible,Chrome 74.0.3729.169,,2019-06-10 09:32:30,2019-06-10 09:32:30,0.025s,PASSED
click,Chrome 74.0.3729.169,,2019-06-10 09:32:30,2019-06-10 09:32:31,0.504s,PASSED
waitForElementVisible,Chrome 74.0.3729.169,,2019-06-10 09:32:31,2019-06-10 09:32:31,0.209s,PASSED
verifyElementVisible,Chrome 74.0.3729.169,,2019-06-10 09:32:31,2019-06-10 09:32:31,0.022s,PASSED
delay,Chrome 74.0.3729.169,,2019-06-10 09:32:31,2019-06-10 09:32:32,1.000s,PASSED
click,Chrome 74.0.3729.169,,2019-06-10 09:32:32,2019-06-10 09:32:32,0.094s,PASSED
waitForElementVisible,Chrome 74.0.3729.169,,2019-06-10 09:32:32,2019-06-10 09:32:32,0.025s,PASSED
delay,Chrome 74.0.3729.169,,2019-06-10 09:32:32,2019-06-10 09:32:33,1.000s,PASSED
setText,Chrome 74.0.3729.169,,2019-06-10 09:32:33,2019-06-10 09:32:33,0.190s,PASSED
delay,Chrome 74.0.3729.169,,2019-06-10 09:32:33,2019-06-10 09:32:34,1.001s,PASSED
click,Chrome 74.0.3729.169,,2019-06-10 09:32:34,2019-06-10 09:32:34,0.088s,PASSED
click,Chrome 74.0.3729.169,,2019-06-10 09:32:34,2019-06-10 09:32:34,0.063s,PASSED
click,Chrome 74.0.3729.169,,2019-06-10 09:32:34,2019-06-10 09:32:34,0.068s,PASSED
click,Chrome 74.0.3729.169,,2019-06-10 09:32:34,2019-06-10 09:32:34,0.069s,PASSED
delay,Chrome 74.0.3729.169,,2019-06-10 09:32:34,2019-06-10 09:32:35,1.000s,PASSED
click,Chrome 74.0.3729.169,,2019-06-10 09:32:35,2019-06-10 09:32:36,0.088s,PASSED
waitForElementVisible,Chrome 74.0.3729.169,,2019-06-10 09:32:36,2019-06-10 09:32:36,0.029s,PASSED
click,Chrome 74.0.3729.169,,2019-06-10 09:32:36,2019-06-10 09:32:36,0.064s,PASSED
waitForElementVisible,Chrome 74.0.3729.169,,2019-06-10 09:32:36,2019-06-10 09:32:36,0.551s,PASSED
waitForElementNotPresent,Chrome 74.0.3729.169,,2019-06-10 09:32:36,2019-06-10 09:32:42,5.783s,PASSED
,,,,,,
Test Cases/ADMIN/Features Control/Booking Unit/Combination/Default/19Add_HourWeekCustom,Chrome 74.0.3729.169,,2019-06-10 09:32:42,2019-06-10 09:32:55,12.657s,PASSED
waitForElementVisible,Chrome 74.0.3729.169,,2019-06-10 09:32:42,2019-06-10 09:32:42,0.025s,PASSED
click,Chrome 74.0.3729.169,,2019-06-10 09:32:42,2019-06-10 09:32:43,0.482s,PASSED
waitForElementVisible,Chrome 74.0.3729.169,,2019-06-10 09:32:43,2019-06-10 09:32:43,0.033s,PASSED
click,Chrome 74.0.3729.169,,2019-06-10 09:32:43,2019-06-10 09:32:43,0.641s,PASSED
waitForElementVisible,Chrome 74.0.3729.169,,2019-06-10 09:32:43,2019-06-10 09:32:43,0.181s,PASSED
verifyElementVisible,Chrome 74.0.3729.169,,2019-06-10 09:32:43,2019-06-10 09:32:43,0.023s,PASSED
delay,Chrome 74.0.3729.169,,2019-06-10 09:32:43,2019-06-10 09:32:44,1.001s,PASSED
click,Chrome 74.0.3729.169,,2019-06-10 09:32:44,2019-06-10 09:32:45,0.086s,PASSED
waitForElementVisible,Chrome 74.0.3729.169,,2019-06-10 09:32:45,2019-06-10 09:32:45,0.026s,PASSED
delay,Chrome 74.0.3729.169,,2019-06-10 09:32:45,2019-06-10 09:32:46,1.000s,PASSED
setText,Chrome 74.0.3729.169,,2019-06-10 09:32:46,2019-06-10 09:32:46,0.190s,PASSED
delay,Chrome 74.0.3729.169,,2019-06-10 09:32:46,2019-06-10 09:32:47,1.000s,PASSED
click,Chrome 74.0.3729.169,,2019-06-10 09:32:47,2019-06-10 09:32:47,0.081s,PASSED
click,Chrome 74.0.3729.169,,2019-06-10 09:32:47,2019-06-10 09:32:47,0.136s,PASSED
click,Chrome 74.0.3729.169,,2019-06-10 09:32:47,2019-06-10 09:32:47,0.076s,PASSED
click,Chrome 74.0.3729.169,,2019-06-10 09:32:47,2019-06-10 09:32:47,0.082s,PASSED
delay,Chrome 74.0.3729.169,,2019-06-10 09:32:47,2019-06-10 09:32:48,1.003s,PASSED
click,Chrome 74.0.3729.169,,2019-06-10 09:32:48,2019-06-10 09:32:48,0.096s,PASSED
waitForElementVisible,Chrome 74.0.3729.169,,2019-06-10 09:32:48,2019-06-10 09:32:48,0.036s,PASSED
click,Chrome 74.0.3729.169,,2019-06-10 09:32:48,2019-06-10 09:32:48,0.070s,PASSED
waitForElementVisible,Chrome 74.0.3729.169,,2019-06-10 09:32:48,2019-06-10 09:32:49,0.574s,PASSED
waitForElementNotPresent,Chrome 74.0.3729.169,,2019-06-10 09:32:49,2019-06-10 09:32:55,5.721s,PASSED
,,,,,,
Test Cases/ADMIN/Features Control/Booking Unit/Combination/Default/20Add_HourMonthCustom,Chrome 74.0.3729.169,,2019-06-10 09:32:55,2019-06-10 09:33:07,12.523s,PASSED
waitForElementVisible,Chrome 74.0.3729.169,,2019-06-10 09:32:55,2019-06-10 09:32:55,0.032s,PASSED
click,Chrome 74.0.3729.169,,2019-06-10 09:32:55,2019-06-10 09:32:55,0.585s,PASSED
waitForElementVisible,Chrome 74.0.3729.169,,2019-06-10 09:32:55,2019-06-10 09:32:55,0.032s,PASSED
click,Chrome 74.0.3729.169,,2019-06-10 09:32:55,2019-06-10 09:32:56,0.400s,PASSED
waitForElementVisible,Chrome 74.0.3729.169,,2019-06-10 09:32:56,2019-06-10 09:32:56,0.215s,PASSED
verifyElementVisible,Chrome 74.0.3729.169,,2019-06-10 09:32:56,2019-06-10 09:32:56,0.037s,PASSED
delay,Chrome 74.0.3729.169,,2019-06-10 09:32:56,2019-06-10 09:32:57,1.000s,PASSED
click,Chrome 74.0.3729.169,,2019-06-10 09:32:57,2019-06-10 09:32:57,0.070s,PASSED
waitForElementVisible,Chrome 74.0.3729.169,,2019-06-10 09:32:57,2019-06-10 09:32:57,0.026s,PASSED
delay,Chrome 74.0.3729.169,,2019-06-10 09:32:57,2019-06-10 09:32:58,1.000s,PASSED
setText,Chrome 74.0.3729.169,,2019-06-10 09:32:58,2019-06-10 09:32:58,0.188s,PASSED
delay,Chrome 74.0.3729.169,,2019-06-10 09:32:58,2019-06-10 09:32:59,1.000s,PASSED
click,Chrome 74.0.3729.169,,2019-06-10 09:32:59,2019-06-10 09:32:59,0.090s,PASSED
click,Chrome 74.0.3729.169,,2019-06-10 09:32:59,2019-06-10 09:32:59,0.055s,PASSED
click,Chrome 74.0.3729.169,,2019-06-10 09:32:59,2019-06-10 09:33:00,0.065s,PASSED
click,Chrome 74.0.3729.169,,2019-06-10 09:33:00,2019-06-10 09:33:00,0.068s,PASSED
delay,Chrome 74.0.3729.169,,2019-06-10 09:33:00,2019-06-10 09:33:01,1.001s,PASSED
click,Chrome 74.0.3729.169,,2019-06-10 09:33:01,2019-06-10 09:33:01,0.132s,PASSED
waitForElementVisible,Chrome 74.0.3729.169,,2019-06-10 09:33:01,2019-06-10 09:33:01,0.032s,PASSED
click,Chrome 74.0.3729.169,,2019-06-10 09:33:01,2019-06-10 09:33:01,0.065s,PASSED
waitForElementVisible,Chrome 74.0.3729.169,,2019-06-10 09:33:01,2019-06-10 09:33:01,0.551s,PASSED
waitForElementNotPresent,Chrome 74.0.3729.169,,2019-06-10 09:33:01,2019-06-10 09:33:07,5.748s,PASSED
,,,,,,
Test Cases/ADMIN/Features Control/Booking Unit/Combination/Default/21Add_DayWeekMonth,Chrome 74.0.3729.169,,2019-06-10 09:33:07,2019-06-10 09:33:20,12.614s,PASSED
waitForElementVisible,Chrome 74.0.3729.169,,2019-06-10 09:33:07,2019-06-10 09:33:07,0.022s,PASSED
click,Chrome 74.0.3729.169,,2019-06-10 09:33:07,2019-06-10 09:33:08,0.426s,PASSED
waitForElementVisible,Chrome 74.0.3729.169,,2019-06-10 09:33:08,2019-06-10 09:33:08,0.024s,PASSED
click,Chrome 74.0.3729.169,,2019-06-10 09:33:08,2019-06-10 09:33:08,0.636s,PASSED
waitForElementVisible,Chrome 74.0.3729.169,,2019-06-10 09:33:08,2019-06-10 09:33:08,0.105s,PASSED
verifyElementVisible,Chrome 74.0.3729.169,,2019-06-10 09:33:08,2019-06-10 09:33:09,0.114s,PASSED
delay,Chrome 74.0.3729.169,,2019-06-10 09:33:09,2019-06-10 09:33:10,1.001s,PASSED
click,Chrome 74.0.3729.169,,2019-06-10 09:33:10,2019-06-10 09:33:10,0.110s,PASSED
waitForElementVisible,Chrome 74.0.3729.169,,2019-06-10 09:33:10,2019-06-10 09:33:10,0.030s,PASSED
delay,Chrome 74.0.3729.169,,2019-06-10 09:33:10,2019-06-10 09:33:11,1.001s,PASSED
setText,Chrome 74.0.3729.169,,2019-06-10 09:33:11,2019-06-10 09:33:11,0.183s,PASSED
delay,Chrome 74.0.3729.169,,2019-06-10 09:33:11,2019-06-10 09:33:12,1.001s,PASSED
click,Chrome 74.0.3729.169,,2019-06-10 09:33:12,2019-06-10 09:33:12,0.084s,PASSED
click,Chrome 74.0.3729.169,,2019-06-10 09:33:12,2019-06-10 09:33:12,0.124s,PASSED
click,Chrome 74.0.3729.169,,2019-06-10 09:33:12,2019-06-10 09:33:12,0.067s,PASSED
click,Chrome 74.0.3729.169,,2019-06-10 09:33:12,2019-06-10 09:33:12,0.063s,PASSED
delay,Chrome 74.0.3729.169,,2019-06-10 09:33:12,2019-06-10 09:33:13,1.000s,PASSED
click,Chrome 74.0.3729.169,,2019-06-10 09:33:13,2019-06-10 09:33:13,0.086s,PASSED
waitForElementVisible,Chrome 74.0.3729.169,,2019-06-10 09:33:13,2019-06-10 09:33:13,0.032s,PASSED
click,Chrome 74.0.3729.169,,2019-06-10 09:33:13,2019-06-10 09:33:13,0.060s,PASSED
waitForElementVisible,Chrome 74.0.3729.169,,2019-06-10 09:33:13,2019-06-10 09:33:14,0.538s,PASSED
waitForElementNotPresent,Chrome 74.0.3729.169,,2019-06-10 09:33:14,2019-06-10 09:33:20,5.780s,PASSED
,,,,,,
Test Cases/ADMIN/Features Control/Booking Unit/Combination/Default/22Add_DayWeekCustom,Chrome 74.0.3729.169,,2019-06-10 09:33:20,2019-06-10 09:33:32,12.334s,PASSED
waitForElementVisible,Chrome 74.0.3729.169,,2019-06-10 09:33:20,2019-06-10 09:33:20,0.022s,PASSED
click,Chrome 74.0.3729.169,,2019-06-10 09:33:20,2019-06-10 09:33:20,0.376s,PASSED
waitForElementVisible,Chrome 74.0.3729.169,,2019-06-10 09:33:20,2019-06-10 09:33:20,0.027s,PASSED
click,Chrome 74.0.3729.169,,2019-06-10 09:33:20,2019-06-10 09:33:21,0.501s,PASSED
waitForElementVisible,Chrome 74.0.3729.169,,2019-06-10 09:33:21,2019-06-10 09:33:21,0.195s,PASSED
verifyElementVisible,Chrome 74.0.3729.169,,2019-06-10 09:33:21,2019-06-10 09:33:21,0.044s,PASSED
delay,Chrome 74.0.3729.169,,2019-06-10 09:33:21,2019-06-10 09:33:22,1.001s,PASSED
click,Chrome 74.0.3729.169,,2019-06-10 09:33:22,2019-06-10 09:33:22,0.090s,PASSED
waitForElementVisible,Chrome 74.0.3729.169,,2019-06-10 09:33:22,2019-06-10 09:33:22,0.034s,PASSED
delay,Chrome 74.0.3729.169,,2019-06-10 09:33:22,2019-06-10 09:33:23,1.000s,PASSED
setText,Chrome 74.0.3729.169,,2019-06-10 09:33:23,2019-06-10 09:33:23,0.198s,PASSED
delay,Chrome 74.0.3729.169,,2019-06-10 09:33:23,2019-06-10 09:33:24,1.001s,PASSED
click,Chrome 74.0.3729.169,,2019-06-10 09:33:24,2019-06-10 09:33:24,0.090s,PASSED
click,Chrome 74.0.3729.169,,2019-06-10 09:33:24,2019-06-10 09:33:25,0.069s,PASSED
click,Chrome 74.0.3729.169,,2019-06-10 09:33:25,2019-06-10 09:33:25,0.063s,PASSED
click,Chrome 74.0.3729.169,,2019-06-10 09:33:25,2019-06-10 09:33:25,0.067s,PASSED
delay,Chrome 74.0.3729.169,,2019-06-10 09:33:25,2019-06-10 09:33:26,1.001s,PASSED
click,Chrome 74.0.3729.169,,2019-06-10 09:33:26,2019-06-10 09:33:26,0.091s,PASSED
waitForElementVisible,Chrome 74.0.3729.169,,2019-06-10 09:33:26,2019-06-10 09:33:26,0.025s,PASSED
click,Chrome 74.0.3729.169,,2019-06-10 09:33:26,2019-06-10 09:33:26,0.049s,PASSED
waitForElementVisible,Chrome 74.0.3729.169,,2019-06-10 09:33:26,2019-06-10 09:33:26,0.547s,PASSED
waitForElementNotPresent,Chrome 74.0.3729.169,,2019-06-10 09:33:26,2019-06-10 09:33:32,5.747s,PASSED
,,,,,,
Test Cases/ADMIN/Features Control/Booking Unit/Combination/Default/23Add_DayMonthCustom,Chrome 74.0.3729.169,,2019-06-10 09:33:32,2019-06-10 09:33:45,12.573s,PASSED
waitForElementVisible,Chrome 74.0.3729.169,,2019-06-10 09:33:32,2019-06-10 09:33:32,0.024s,PASSED
click,Chrome 74.0.3729.169,,2019-06-10 09:33:32,2019-06-10 09:33:33,0.456s,PASSED
waitForElementVisible,Chrome 74.0.3729.169,,2019-06-10 09:33:33,2019-06-10 09:33:33,0.028s,PASSED
click,Chrome 74.0.3729.169,,2019-06-10 09:33:33,2019-06-10 09:33:33,0.615s,PASSED
waitForElementVisible,Chrome 74.0.3729.169,,2019-06-10 09:33:33,2019-06-10 09:33:33,0.092s,PASSED
verifyElementVisible,Chrome 74.0.3729.169,,2019-06-10 09:33:33,2019-06-10 09:33:34,0.118s,PASSED
delay,Chrome 74.0.3729.169,,2019-06-10 09:33:34,2019-06-10 09:33:35,1.000s,PASSED
click,Chrome 74.0.3729.169,,2019-06-10 09:33:35,2019-06-10 09:33:35,0.086s,PASSED
waitForElementVisible,Chrome 74.0.3729.169,,2019-06-10 09:33:35,2019-06-10 09:33:35,0.042s,PASSED
delay,Chrome 74.0.3729.169,,2019-06-10 09:33:35,2019-06-10 09:33:36,1.001s,PASSED
setText,Chrome 74.0.3729.169,,2019-06-10 09:33:36,2019-06-10 09:33:36,0.189s,PASSED
delay,Chrome 74.0.3729.169,,2019-06-10 09:33:36,2019-06-10 09:33:37,1.003s,PASSED
click,Chrome 74.0.3729.169,,2019-06-10 09:33:37,2019-06-10 09:33:37,0.091s,PASSED
click,Chrome 74.0.3729.169,,2019-06-10 09:33:37,2019-06-10 09:33:37,0.056s,PASSED
click,Chrome 74.0.3729.169,,2019-06-10 09:33:37,2019-06-10 09:33:37,0.066s,PASSED
click,Chrome 74.0.3729.169,,2019-06-10 09:33:37,2019-06-10 09:33:37,0.069s,PASSED
delay,Chrome 74.0.3729.169,,2019-06-10 09:33:37,2019-06-10 09:33:38,1.000s,PASSED
click,Chrome 74.0.3729.169,,2019-06-10 09:33:38,2019-06-10 09:33:38,0.081s,PASSED
waitForElementVisible,Chrome 74.0.3729.169,,2019-06-10 09:33:38,2019-06-10 09:33:38,0.030s,PASSED
click,Chrome 74.0.3729.169,,2019-06-10 09:33:38,2019-06-10 09:33:38,0.069s,PASSED
waitForElementVisible,Chrome 74.0.3729.169,,2019-06-10 09:33:38,2019-06-10 09:33:39,0.548s,PASSED
waitForElementNotPresent,Chrome 74.0.3729.169,,2019-06-10 09:33:39,2019-06-10 09:33:45,5.810s,PASSED
,,,,,,
Test Cases/ADMIN/Features Control/Booking Unit/Combination/Default/24Add_WeekMonthHour,Chrome 74.0.3729.169,,2019-06-10 09:33:45,2019-06-10 09:33:57,12.633s,PASSED
waitForElementVisible,Chrome 74.0.3729.169,,2019-06-10 09:33:45,2019-06-10 09:33:45,0.021s,PASSED
click,Chrome 74.0.3729.169,,2019-06-10 09:33:45,2019-06-10 09:33:45,0.424s,PASSED
waitForElementVisible,Chrome 74.0.3729.169,,2019-06-10 09:33:45,2019-06-10 09:33:45,0.103s,PASSED
click,Chrome 74.0.3729.169,,2019-06-10 09:33:45,2019-06-10 09:33:46,0.629s,PASSED
waitForElementVisible,Chrome 74.0.3729.169,,2019-06-10 09:33:46,2019-06-10 09:33:46,0.093s,PASSED
verifyElementVisible,Chrome 74.0.3729.169,,2019-06-10 09:33:46,2019-06-10 09:33:46,0.112s,PASSED
delay,Chrome 74.0.3729.169,,2019-06-10 09:33:46,2019-06-10 09:33:47,1.000s,PASSED
click,Chrome 74.0.3729.169,,2019-06-10 09:33:47,2019-06-10 09:33:47,0.091s,PASSED
waitForElementVisible,Chrome 74.0.3729.169,,2019-06-10 09:33:47,2019-06-10 09:33:47,0.023s,PASSED
delay,Chrome 74.0.3729.169,,2019-06-10 09:33:47,2019-06-10 09:33:48,1.001s,PASSED
setText,Chrome 74.0.3729.169,,2019-06-10 09:33:48,2019-06-10 09:33:48,0.194s,PASSED
delay,Chrome 74.0.3729.169,,2019-06-10 09:33:48,2019-06-10 09:33:49,1.000s,PASSED
click,Chrome 74.0.3729.169,,2019-06-10 09:33:49,2019-06-10 09:33:50,0.089s,PASSED
click,Chrome 74.0.3729.169,,2019-06-10 09:33:50,2019-06-10 09:33:50,0.152s,PASSED
click,Chrome 74.0.3729.169,,2019-06-10 09:33:50,2019-06-10 09:33:50,0.066s,PASSED
click,Chrome 74.0.3729.169,,2019-06-10 09:33:50,2019-06-10 09:33:50,0.069s,PASSED
delay,Chrome 74.0.3729.169,,2019-06-10 09:33:50,2019-06-10 09:33:51,1.000s,PASSED
click,Chrome 74.0.3729.169,,2019-06-10 09:33:51,2019-06-10 09:33:51,0.113s,PASSED
waitForElementVisible,Chrome 74.0.3729.169,,2019-06-10 09:33:51,2019-06-10 09:33:51,0.027s,PASSED
click,Chrome 74.0.3729.169,,2019-06-10 09:33:51,2019-06-10 09:33:51,0.061s,PASSED
waitForElementVisible,Chrome 74.0.3729.169,,2019-06-10 09:33:51,2019-06-10 09:33:52,0.549s,PASSED
waitForElementNotPresent,Chrome 74.0.3729.169,,2019-06-10 09:33:52,2019-06-10 09:33:57,5.699s,PASSED
,,,,,,
Test Cases/ADMIN/Features Control/Booking Unit/Combination/Default/25Add_WeekMonthCustom,Chrome 74.0.3729.169,,2019-06-10 09:33:57,2019-06-10 09:34:10,12.563s,PASSED
waitForElementVisible,Chrome 74.0.3729.169,,2019-06-10 09:33:57,2019-06-10 09:33:57,0.045s,PASSED
click,Chrome 74.0.3729.169,,2019-06-10 09:33:57,2019-06-10 09:33:58,0.550s,PASSED
waitForElementVisible,Chrome 74.0.3729.169,,2019-06-10 09:33:58,2019-06-10 09:33:58,0.030s,PASSED
click,Chrome 74.0.3729.169,,2019-06-10 09:33:58,2019-06-10 09:33:58,0.400s,PASSED
waitForElementVisible,Chrome 74.0.3729.169,,2019-06-10 09:33:58,2019-06-10 09:33:59,0.209s,PASSED
verifyElementVisible,Chrome 74.0.3729.169,,2019-06-10 09:33:59,2019-06-10 09:33:59,0.117s,PASSED
delay,Chrome 74.0.3729.169,,2019-06-10 09:33:59,2019-06-10 09:34:00,1.001s,PASSED
click,Chrome 74.0.3729.169,,2019-06-10 09:34:00,2019-06-10 09:34:00,0.087s,PASSED
waitForElementVisible,Chrome 74.0.3729.169,,2019-06-10 09:34:00,2019-06-10 09:34:00,0.025s,PASSED
delay,Chrome 74.0.3729.169,,2019-06-10 09:34:00,2019-06-10 09:34:01,1.000s,PASSED
setText,Chrome 74.0.3729.169,,2019-06-10 09:34:01,2019-06-10 09:34:01,0.203s,PASSED
delay,Chrome 74.0.3729.169,,2019-06-10 09:34:01,2019-06-10 09:34:02,1.000s,PASSED
click,Chrome 74.0.3729.169,,2019-06-10 09:34:02,2019-06-10 09:34:02,0.086s,PASSED
click,Chrome 74.0.3729.169,,2019-06-10 09:34:02,2019-06-10 09:34:02,0.064s,PASSED
click,Chrome 74.0.3729.169,,2019-06-10 09:34:02,2019-06-10 09:34:02,0.070s,PASSED
click,Chrome 74.0.3729.169,,2019-06-10 09:34:02,2019-06-10 09:34:02,0.083s,PASSED
delay,Chrome 74.0.3729.169,,2019-06-10 09:34:02,2019-06-10 09:34:03,1.001s,PASSED
click,Chrome 74.0.3729.169,,2019-06-10 09:34:03,2019-06-10 09:34:03,0.088s,PASSED
waitForElementVisible,Chrome 74.0.3729.169,,2019-06-10 09:34:03,2019-06-10 09:34:04,0.029s,PASSED
click,Chrome 74.0.3729.169,,2019-06-10 09:34:04,2019-06-10 09:34:04,0.069s,PASSED
waitForElementVisible,Chrome 74.0.3729.169,,2019-06-10 09:34:04,2019-06-10 09:34:04,0.558s,PASSED
waitForElementNotPresent,Chrome 74.0.3729.169,,2019-06-10 09:34:04,2019-06-10 09:34:10,5.753s,PASSED
,,,,,,
Test Cases/ADMIN/Features Control/Booking Unit/Combination/Default/26Add_HourDayWeekMonth,Chrome 74.0.3729.169,,2019-06-10 09:34:10,2019-06-10 09:34:22,12.543s,PASSED
waitForElementVisible,Chrome 74.0.3729.169,,2019-06-10 09:34:10,2019-06-10 09:34:10,0.028s,PASSED
click,Chrome 74.0.3729.169,,2019-06-10 09:34:10,2019-06-10 09:34:10,0.467s,PASSED
waitForElementVisible,Chrome 74.0.3729.169,,2019-06-10 09:34:10,2019-06-10 09:34:11,0.033s,PASSED
click,Chrome 74.0.3729.169,,2019-06-10 09:34:11,2019-06-10 09:34:11,0.481s,PASSED
waitForElementVisible,Chrome 74.0.3729.169,,2019-06-10 09:34:11,2019-06-10 09:34:11,0.240s,PASSED
verifyElementVisible,Chrome 74.0.3729.169,,2019-06-10 09:34:11,2019-06-10 09:34:11,0.023s,PASSED
delay,Chrome 74.0.3729.169,,2019-06-10 09:34:11,2019-06-10 09:34:12,1.001s,PASSED
click,Chrome 74.0.3729.169,,2019-06-10 09:34:12,2019-06-10 09:34:12,0.097s,PASSED
waitForElementVisible,Chrome 74.0.3729.169,,2019-06-10 09:34:12,2019-06-10 09:34:12,0.024s,PASSED
delay,Chrome 74.0.3729.169,,2019-06-10 09:34:12,2019-06-10 09:34:13,1.001s,PASSED
setText,Chrome 74.0.3729.169,,2019-06-10 09:34:13,2019-06-10 09:34:14,0.200s,PASSED
delay,Chrome 74.0.3729.169,,2019-06-10 09:34:14,2019-06-10 09:34:15,1.000s,PASSED
click,Chrome 74.0.3729.169,,2019-06-10 09:34:15,2019-06-10 09:34:15,0.087s,PASSED
click,Chrome 74.0.3729.169,,2019-06-10 09:34:15,2019-06-10 09:34:15,0.071s,PASSED
click,Chrome 74.0.3729.169,,2019-06-10 09:34:15,2019-06-10 09:34:15,0.063s,PASSED
click,Chrome 74.0.3729.169,,2019-06-10 09:34:15,2019-06-10 09:34:15,0.067s,PASSED
click,Chrome 74.0.3729.169,,2019-06-10 09:34:15,2019-06-10 09:34:15,0.068s,PASSED
delay,Chrome 74.0.3729.169,,2019-06-10 09:34:15,2019-06-10 09:34:16,1.000s,PASSED
click,Chrome 74.0.3729.169,,2019-06-10 09:34:16,2019-06-10 09:34:16,0.093s,PASSED
waitForElementVisible,Chrome 74.0.3729.169,,2019-06-10 09:34:16,2019-06-10 09:34:16,0.024s,PASSED
click,Chrome 74.0.3729.169,,2019-06-10 09:34:16,2019-06-10 09:34:16,0.065s,PASSED
waitForElementVisible,Chrome 74.0.3729.169,,2019-06-10 09:34:16,2019-06-10 09:34:17,0.538s,PASSED
waitForElementNotPresent,Chrome 74.0.3729.169,,2019-06-10 09:34:17,2019-06-10 09:34:22,5.765s,PASSED
,,,,,,
Test Cases/ADMIN/Features Control/Booking Unit/Combination/Default/27Add_HourDayWeekCustom,Chrome 74.0.3729.169,,2019-06-10 09:34:22,2019-06-10 09:34:35,12.754s,PASSED
waitForElementVisible,Chrome 74.0.3729.169,,2019-06-10 09:34:23,2019-06-10 09:34:23,0.025s,PASSED
click,Chrome 74.0.3729.169,,2019-06-10 09:34:23,2019-06-10 09:34:23,0.421s,PASSED
waitForElementVisible,Chrome 74.0.3729.169,,2019-06-10 09:34:23,2019-06-10 09:34:23,0.031s,PASSED
click,Chrome 74.0.3729.169,,2019-06-10 09:34:23,2019-06-10 09:34:24,0.784s,PASSED
waitForElementVisible,Chrome 74.0.3729.169,,2019-06-10 09:34:24,2019-06-10 09:34:24,0.111s,PASSED
verifyElementVisible,Chrome 74.0.3729.169,,2019-06-10 09:34:24,2019-06-10 09:34:24,0.110s,PASSED
delay,Chrome 74.0.3729.169,,2019-06-10 09:34:24,2019-06-10 09:34:25,1.000s,PASSED
click,Chrome 74.0.3729.169,,2019-06-10 09:34:25,2019-06-10 09:34:25,0.106s,PASSED
waitForElementVisible,Chrome 74.0.3729.169,,2019-06-10 09:34:25,2019-06-10 09:34:25,0.028s,PASSED
delay,Chrome 74.0.3729.169,,2019-06-10 09:34:25,2019-06-10 09:34:26,1.000s,PASSED
setText,Chrome 74.0.3729.169,,2019-06-10 09:34:26,2019-06-10 09:34:26,0.202s,PASSED
delay,Chrome 74.0.3729.169,,2019-06-10 09:34:26,2019-06-10 09:34:27,1.000s,PASSED
click,Chrome 74.0.3729.169,,2019-06-10 09:34:27,2019-06-10 09:34:27,0.092s,PASSED
click,Chrome 74.0.3729.169,,2019-06-10 09:34:27,2019-06-10 09:34:27,0.053s,PASSED
click,Chrome 74.0.3729.169,,2019-06-10 09:34:27,2019-06-10 09:34:28,0.064s,PASSED
click,Chrome 74.0.3729.169,,2019-06-10 09:34:28,2019-06-10 09:34:28,0.070s,PASSED
click,Chrome 74.0.3729.169,,2019-06-10 09:34:28,2019-06-10 09:34:28,0.066s,PASSED
delay,Chrome 74.0.3729.169,,2019-06-10 09:34:28,2019-06-10 09:34:29,1.001s,PASSED
click,Chrome 74.0.3729.169,,2019-06-10 09:34:29,2019-06-10 09:34:29,0.097s,PASSED
waitForElementVisible,Chrome 74.0.3729.169,,2019-06-10 09:34:29,2019-06-10 09:34:29,0.029s,PASSED
click,Chrome 74.0.3729.169,,2019-06-10 09:34:29,2019-06-10 09:34:29,0.086s,PASSED
waitForElementVisible,Chrome 74.0.3729.169,,2019-06-10 09:34:29,2019-06-10 09:34:29,0.558s,PASSED
waitForElementNotPresent,Chrome 74.0.3729.169,,2019-06-10 09:34:29,2019-06-10 09:34:35,5.742s,PASSED
,,,,,,
Test Cases/ADMIN/Features Control/Booking Unit/Combination/Default/28Add_HourDayMonthCustom,Chrome 74.0.3729.169,,2019-06-10 09:34:35,2019-06-10 09:34:48,12.484s,PASSED
waitForElementVisible,Chrome 74.0.3729.169,,2019-06-10 09:34:35,2019-06-10 09:34:35,0.020s,PASSED
click,Chrome 74.0.3729.169,,2019-06-10 09:34:35,2019-06-10 09:34:36,0.408s,PASSED
waitForElementVisible,Chrome 74.0.3729.169,,2019-06-10 09:34:36,2019-06-10 09:34:36,0.030s,PASSED
click,Chrome 74.0.3729.169,,2019-06-10 09:34:36,2019-06-10 09:34:36,0.597s,PASSED
waitForElementVisible,Chrome 74.0.3729.169,,2019-06-10 09:34:36,2019-06-10 09:34:36,0.089s,PASSED
verifyElementVisible,Chrome 74.0.3729.169,,2019-06-10 09:34:36,2019-06-10 09:34:37,0.107s,PASSED
delay,Chrome 74.0.3729.169,,2019-06-10 09:34:37,2019-06-10 09:34:38,1.000s,PASSED
click,Chrome 74.0.3729.169,,2019-06-10 09:34:38,2019-06-10 09:34:38,0.097s,PASSED
waitForElementVisible,Chrome 74.0.3729.169,,2019-06-10 09:34:38,2019-06-10 09:34:38,0.024s,PASSED
delay,Chrome 74.0.3729.169,,2019-06-10 09:34:38,2019-06-10 09:34:39,1.000s,PASSED
setText,Chrome 74.0.3729.169,,2019-06-10 09:34:39,2019-06-10 09:34:39,0.187s,PASSED
delay,Chrome 74.0.3729.169,,2019-06-10 09:34:39,2019-06-10 09:34:40,1.000s,PASSED
click,Chrome 74.0.3729.169,,2019-06-10 09:34:40,2019-06-10 09:34:40,0.099s,PASSED
click,Chrome 74.0.3729.169,,2019-06-10 09:34:40,2019-06-10 09:34:40,0.056s,PASSED
click,Chrome 74.0.3729.169,,2019-06-10 09:34:40,2019-06-10 09:34:40,0.066s,PASSED
click,Chrome 74.0.3729.169,,2019-06-10 09:34:40,2019-06-10 09:34:40,0.067s,PASSED
click,Chrome 74.0.3729.169,,2019-06-10 09:34:40,2019-06-10 09:34:40,0.066s,PASSED
delay,Chrome 74.0.3729.169,,2019-06-10 09:34:40,2019-06-10 09:34:41,1.000s,PASSED
click,Chrome 74.0.3729.169,,2019-06-10 09:34:41,2019-06-10 09:34:41,0.091s,PASSED
waitForElementVisible,Chrome 74.0.3729.169,,2019-06-10 09:34:41,2019-06-10 09:34:41,0.027s,PASSED
click,Chrome 74.0.3729.169,,2019-06-10 09:34:41,2019-06-10 09:34:41,0.065s,PASSED
waitForElementVisible,Chrome 74.0.3729.169,,2019-06-10 09:34:41,2019-06-10 09:34:42,0.552s,PASSED
waitForElementNotPresent,Chrome 74.0.3729.169,,2019-06-10 09:34:42,2019-06-10 09:34:48,5.752s,PASSED
,,,,,,
Test Cases/ADMIN/Features Control/Booking Unit/Combination/Default/29Add_HourWeekMonthCustom,Chrome 74.0.3729.169,,2019-06-10 09:34:48,2019-06-10 09:35:00,12.596s,PASSED
waitForElementVisible,Chrome 74.0.3729.169,,2019-06-10 09:34:48,2019-06-10 09:34:48,0.020s,PASSED
click,Chrome 74.0.3729.169,,2019-06-10 09:34:48,2019-06-10 09:34:48,0.409s,PASSED
waitForElementVisible,Chrome 74.0.3729.169,,2019-06-10 09:34:48,2019-06-10 09:34:48,0.071s,PASSED
click,Chrome 74.0.3729.169,,2019-06-10 09:34:48,2019-06-10 09:34:49,0.574s,PASSED
waitForElementVisible,Chrome 74.0.3729.169,,2019-06-10 09:34:49,2019-06-10 09:34:49,0.079s,PASSED
verifyElementVisible,Chrome 74.0.3729.169,,2019-06-10 09:34:49,2019-06-10 09:34:49,0.111s,PASSED
delay,Chrome 74.0.3729.169,,2019-06-10 09:34:49,2019-06-10 09:34:50,1.000s,PASSED
click,Chrome 74.0.3729.169,,2019-06-10 09:34:50,2019-06-10 09:34:50,0.098s,PASSED
waitForElementVisible,Chrome 74.0.3729.169,,2019-06-10 09:34:50,2019-06-10 09:34:50,0.024s,PASSED
delay,Chrome 74.0.3729.169,,2019-06-10 09:34:50,2019-06-10 09:34:51,1.000s,PASSED
setText,Chrome 74.0.3729.169,,2019-06-10 09:34:51,2019-06-10 09:34:51,0.186s,PASSED
delay,Chrome 74.0.3729.169,,2019-06-10 09:34:51,2019-06-10 09:34:52,1.001s,PASSED
click,Chrome 74.0.3729.169,,2019-06-10 09:34:52,2019-06-10 09:34:52,0.100s,PASSED
click,Chrome 74.0.3729.169,,2019-06-10 09:34:52,2019-06-10 09:34:53,0.054s,PASSED
click,Chrome 74.0.3729.169,,2019-06-10 09:34:53,2019-06-10 09:34:53,0.065s,PASSED
click,Chrome 74.0.3729.169,,2019-06-10 09:34:53,2019-06-10 09:34:53,0.137s,PASSED
click,Chrome 74.0.3729.169,,2019-06-10 09:34:53,2019-06-10 09:34:53,0.065s,PASSED
delay,Chrome 74.0.3729.169,,2019-06-10 09:34:53,2019-06-10 09:34:54,1.001s,PASSED
click,Chrome 74.0.3729.169,,2019-06-10 09:34:54,2019-06-10 09:34:54,0.094s,PASSED
waitForElementVisible,Chrome 74.0.3729.169,,2019-06-10 09:34:54,2019-06-10 09:34:54,0.028s,PASSED
click,Chrome 74.0.3729.169,,2019-06-10 09:34:54,2019-06-10 09:34:54,0.059s,PASSED
waitForElementVisible,Chrome 74.0.3729.169,,2019-06-10 09:34:54,2019-06-10 09:34:55,0.555s,PASSED
waitForElementNotPresent,Chrome 74.0.3729.169,,2019-06-10 09:34:55,2019-06-10 09:35:00,5.750s,PASSED
,,,,,,
Test Cases/ADMIN/Features Control/Booking Unit/Combination/Default/30Add_DayCustomWeekMonth,Chrome 74.0.3729.169,,2019-06-10 09:35:00,2019-06-10 09:35:13,12.632s,PASSED
waitForElementVisible,Chrome 74.0.3729.169,,2019-06-10 09:35:00,2019-06-10 09:35:00,0.021s,PASSED
click,Chrome 74.0.3729.169,,2019-06-10 09:35:00,2019-06-10 09:35:01,0.540s,PASSED
waitForElementVisible,Chrome 74.0.3729.169,,2019-06-10 09:35:01,2019-06-10 09:35:01,0.042s,PASSED
click,Chrome 74.0.3729.169,,2019-06-10 09:35:01,2019-06-10 09:35:02,0.552s,PASSED
waitForElementVisible,Chrome 74.0.3729.169,,2019-06-10 09:35:02,2019-06-10 09:35:02,0.187s,PASSED
verifyElementVisible,Chrome 74.0.3729.169,,2019-06-10 09:35:02,2019-06-10 09:35:02,0.027s,PASSED
delay,Chrome 74.0.3729.169,,2019-06-10 09:35:02,2019-06-10 09:35:03,1.001s,PASSED
click,Chrome 74.0.3729.169,,2019-06-10 09:35:03,2019-06-10 09:35:03,0.108s,PASSED
waitForElementVisible,Chrome 74.0.3729.169,,2019-06-10 09:35:03,2019-06-10 09:35:03,0.025s,PASSED
delay,Chrome 74.0.3729.169,,2019-06-10 09:35:03,2019-06-10 09:35:04,1.001s,PASSED
setText,Chrome 74.0.3729.169,,2019-06-10 09:35:04,2019-06-10 09:35:04,0.227s,PASSED
delay,Chrome 74.0.3729.169,,2019-06-10 09:35:04,2019-06-10 09:35:05,1.001s,PASSED
click,Chrome 74.0.3729.169,,2019-06-10 09:35:05,2019-06-10 09:35:05,0.052s,PASSED
click,Chrome 74.0.3729.169,,2019-06-10 09:35:05,2019-06-10 09:35:05,0.138s,PASSED
click,Chrome 74.0.3729.169,,2019-06-10 09:35:05,2019-06-10 09:35:05,0.058s,PASSED
click,Chrome 74.0.3729.169,,2019-06-10 09:35:05,2019-06-10 09:35:05,0.071s,PASSED
click,Chrome 74.0.3729.169,,2019-06-10 09:35:05,2019-06-10 09:35:05,0.075s,PASSED
delay,Chrome 74.0.3729.169,,2019-06-10 09:35:05,2019-06-10 09:35:06,1.001s,PASSED
click,Chrome 74.0.3729.169,,2019-06-10 09:35:06,2019-06-10 09:35:07,0.091s,PASSED
waitForElementVisible,Chrome 74.0.3729.169,,2019-06-10 09:35:07,2019-06-10 09:35:07,0.032s,PASSED
click,Chrome 74.0.3729.169,,2019-06-10 09:35:07,2019-06-10 09:35:07,0.070s,PASSED
waitForElementVisible,Chrome 74.0.3729.169,,2019-06-10 09:35:07,2019-06-10 09:35:07,0.550s,PASSED
waitForElementNotPresent,Chrome 74.0.3729.169,,2019-06-10 09:35:07,2019-06-10 09:35:13,5.671s,PASSED
,,,,,,
Test Cases/ADMIN/Features Control/Booking Unit/Combination/Default/31Add_allDefaultService,Chrome 74.0.3729.169,,2019-06-10 09:35:13,2019-06-10 09:35:27,13.885s,PASSED
waitForElementVisible,Chrome 74.0.3729.169,,2019-06-10 09:35:13,2019-06-10 09:35:13,0.019s,PASSED
click,Chrome 74.0.3729.169,,2019-06-10 09:35:13,2019-06-10 09:35:13,0.464s,PASSED
waitForElementVisible,Chrome 74.0.3729.169,,2019-06-10 09:35:13,2019-06-10 09:35:14,0.048s,PASSED
click,Chrome 74.0.3729.169,,2019-06-10 09:35:14,2019-06-10 09:35:14,0.644s,PASSED
waitForElementVisible,Chrome 74.0.3729.169,,2019-06-10 09:35:14,2019-06-10 09:35:14,0.035s,PASSED
verifyElementVisible,Chrome 74.0.3729.169,,2019-06-10 09:35:14,2019-06-10 09:35:14,0.207s,PASSED
delay,Chrome 74.0.3729.169,,2019-06-10 09:35:14,2019-06-10 09:35:15,1.001s,PASSED
click,Chrome 74.0.3729.169,,2019-06-10 09:35:15,2019-06-10 09:35:16,0.078s,PASSED
waitForElementVisible,Chrome 74.0.3729.169,,2019-06-10 09:35:16,2019-06-10 09:35:16,0.035s,PASSED
delay,Chrome 74.0.3729.169,,2019-06-10 09:35:16,2019-06-10 09:35:17,1.001s,PASSED
setText,Chrome 74.0.3729.169,,2019-06-10 09:35:17,2019-06-10 09:35:17,0.203s,PASSED
delay,Chrome 74.0.3729.169,,2019-06-10 09:35:17,2019-06-10 09:35:18,1.000s,PASSED
click,Chrome 74.0.3729.169,,2019-06-10 09:35:18,2019-06-10 09:35:18,0.099s,PASSED
click,Chrome 74.0.3729.169,,2019-06-10 09:35:18,2019-06-10 09:35:18,0.066s,PASSED
click,Chrome 74.0.3729.169,,2019-06-10 09:35:18,2019-06-10 09:35:18,0.063s,PASSED
click,Chrome 74.0.3729.169,,2019-06-10 09:35:18,2019-06-10 09:35:18,0.111s,PASSED
click,Chrome 74.0.3729.169,,2019-06-10 09:35:18,2019-06-10 09:35:18,0.068s,PASSED
delay,Chrome 74.0.3729.169,,2019-06-10 09:35:18,2019-06-10 09:35:19,1.001s,PASSED
click,Chrome 74.0.3729.169,,2019-06-10 09:35:19,2019-06-10 09:35:19,0.120s,PASSED
delay,Chrome 74.0.3729.169,,2019-06-10 09:35:19,2019-06-10 09:35:20,1.000s,PASSED
click,Chrome 74.0.3729.169,,2019-06-10 09:35:20,2019-06-10 09:35:20,0.093s,PASSED
waitForElementVisible,Chrome 74.0.3729.169,,2019-06-10 09:35:20,2019-06-10 09:35:20,0.030s,PASSED
click,Chrome 74.0.3729.169,,2019-06-10 09:35:20,2019-06-10 09:35:20,0.060s,PASSED
waitForElementVisible,Chrome 74.0.3729.169,,2019-06-10 09:35:20,2019-06-10 09:35:21,0.566s,PASSED
waitForElementNotPresent,Chrome 74.0.3729.169,,2019-06-10 09:35:21,2019-06-10 09:35:27,5.768s,PASSED
,,,,,,
Test Cases/Utilities/ADMIN/Admin Logout,Chrome 74.0.3729.169,,2019-06-10 09:35:27,2019-06-10 09:35:27,0.580s,PASSED
waitForElementVisible,Chrome 74.0.3729.169,,2019-06-10 09:35:27,2019-06-10 09:35:27,0.029s,PASSED
click,Chrome 74.0.3729.169,,2019-06-10 09:35:27,2019-06-10 09:35:27,0.465s,PASSED
